"metric","value"
"RMSE",0.0112388649768725
"MAE",0.0049314648320211
"R_squared",0.980694290136574
